{
  "asOn": "2025-12-05T15:20:11.786Z",
  "gold24K": 12901.332999999999,
  "gold22K": 11869.23,
  "gold18K": 9676,
  "silver": 174.02575000000002,
  "silverJewelry": 160.1
}