{
  "asOn": "2025-11-12T06:35:15.211Z",
  "gold24K": 12453.477499999999,
  "gold22K": 11457.2,
  "gold18K": 9340.11,
  "silver": 156.35877499999998,
  "silverJewelry": 143.85
}