{
  "asOn": "2025-11-12T11:05:08.034Z",
  "gold24K": 12482.435000000001,
  "gold22K": 11483.84,
  "gold18K": 9361.83,
  "silver": 157.324025,
  "silverJewelry": 144.74
}