{
  "asOn": "2025-11-06T05:35:06.788Z",
  "gold24K": 12111.127499999999,
  "gold22K": 11142.24,
  "gold18K": 9083.35,
  "silver": 147.74007500000002,
  "silverJewelry": 135.92
}