{
  "asOn": "2025-12-11T14:55:09.313Z",
  "gold24K": 12919.555499999999,
  "gold22K": 11885.99,
  "gold18K": 9689.67,
  "silver": 184.48999999999998,
  "silverJewelry": 169.73
}