{
  "asOn": "2025-12-12T15:45:07.614Z",
  "gold24K": 13203.629500000001,
  "gold22K": 12147.34,
  "gold18K": 9902.72,
  "silver": 185.93304999999998,
  "silverJewelry": 171.06
}