{
  "asOn": "2025-11-10T08:55:08.958Z",
  "gold24K": 12329.164999999999,
  "gold22K": 11342.83,
  "gold18K": 9246.87,
  "silver": 151.86497,
  "silverJewelry": 139.72
}