{
  "asOn": "2025-11-12T03:30:07.701Z",
  "gold24K": 12480.192500000001,
  "gold22K": 11481.78,
  "gold18K": 9360.14,
  "silver": 155.81765,
  "silverJewelry": 143.35
}