{
  "asOn": "2025-11-13T10:20:10.364Z",
  "gold24K": 12803.210000000001,
  "gold22K": 11778.95,
  "gold18K": 9602.41,
  "silver": 164.62482500000002,
  "silverJewelry": 151.45
}