{
  "asOn": "2025-11-11T14:45:07.992Z",
  "gold24K": 12492.185000000001,
  "gold22K": 11492.81,
  "gold18K": 9369.14,
  "silver": 155.13027499999998,
  "silverJewelry": 142.72
}