{
  "asOn": "2025-12-11T08:35:07.955Z",
  "gold24K": 12890.399500000001,
  "gold22K": 11859.17,
  "gold18K": 9667.8,
  "silver": 183.54285,
  "silverJewelry": 168.86
}