{
  "asOn": "2025-11-10T03:45:11.051Z",
  "gold24K": 12253.505000000001,
  "gold22K": 11273.22,
  "gold18K": 9190.13,
  "silver": 149.63882,
  "silverJewelry": 137.67
}