{
  "asOn": "2025-11-10T15:20:09.233Z",
  "gold24K": 12403.557499999999,
  "gold22K": 11411.27,
  "gold18K": 9302.67,
  "silver": 151.76118,
  "silverJewelry": 139.62
}