{
  "asOn": "2025-11-04T13:20:06.358Z",
  "gold24K": 12145.557499999999,
  "gold22K": 11173.91,
  "gold18K": 9109.17,
  "silver": 146.24929999999998,
  "silverJewelry": 134.55
}