{
  "asOn": "2025-12-04T16:35:11.168Z",
  "gold24K": 12822.434500000001,
  "gold22K": 11796.64,
  "gold18K": 9616.83,
  "silver": 169.41825,
  "silverJewelry": 155.86
}