{
  "asOn": "2025-11-05T07:35:06.495Z",
  "gold24K": 12089.689999999999,
  "gold22K": 11122.51,
  "gold18K": 9067.27,
  "silver": 146.44039999999998,
  "silverJewelry": 134.73
}