{
  "asOn": "2025-11-05T12:05:06.144Z",
  "gold24K": 12055.064999999999,
  "gold22K": 11090.66,
  "gold18K": 9041.3,
  "silver": 145.776425,
  "silverJewelry": 134.11
}