{
  "asOn": "2025-11-05T09:25:05.161Z",
  "gold24K": 12055.942500000001,
  "gold22K": 11091.47,
  "gold18K": 9041.96,
  "silver": 146.14692499999998,
  "silverJewelry": 134.46
}