{
  "asOn": "2025-11-06T16:10:05.668Z",
  "gold24K": 12096.085000000001,
  "gold22K": 11128.4,
  "gold18K": 9072.06,
  "silver": 147.31355,
  "silverJewelry": 135.53
}