{
  "asOn": "2025-11-06T11:30:05.848Z",
  "gold24K": 12157.314999999999,
  "gold22K": 11184.73,
  "gold18K": 9117.99,
  "silver": 148.929125,
  "silverJewelry": 137.01
}