{
  "asOn": "2025-11-05T17:25:05.061Z",
  "gold24K": 12090.067500000001,
  "gold22K": 11122.86,
  "gold18K": 9067.55,
  "silver": 147.11217499999998,
  "silverJewelry": 135.34
}