{
  "asOn": "2025-11-11T13:05:07.710Z",
  "gold24K": 12489.942500000001,
  "gold22K": 11490.75,
  "gold18K": 9367.46,
  "silver": 154.26863,
  "silverJewelry": 141.93
}