{
  "asOn": "2025-11-06T03:55:04.156Z",
  "gold24K": 12103.619999999999,
  "gold22K": 11135.33,
  "gold18K": 9077.72,
  "silver": 147.22527499999998,
  "silverJewelry": 135.45
}