{
  "asOn": "2025-12-05T17:45:09.196Z",
  "gold24K": 12837.603500000001,
  "gold22K": 11810.6,
  "gold18K": 9628.2,
  "silver": 173.71415,
  "silverJewelry": 159.82
}