{
  "asOn": "2025-12-05T18:05:12.293Z",
  "gold24K": 12850.014500000001,
  "gold22K": 11822.01,
  "gold18K": 9637.51,
  "silver": 174.13500000000002,
  "silverJewelry": 160.2
}