{
  "asOn": "2025-11-10T10:05:06.835Z",
  "gold24K": 12333.942500000001,
  "gold22K": 11347.23,
  "gold18K": 9250.46,
  "silver": 151.50316,
  "silverJewelry": 139.38
}