{
  "asOn": "2025-11-14T03:55:08.382Z",
  "gold24K": 12683.772500000001,
  "gold22K": 11669.07,
  "gold18K": 9512.83,
  "silver": 162.433025,
  "silverJewelry": 149.44
}