{
  "asOn": "2025-11-04T02:35:05.657Z",
  "gold24K": 12134.164999999999,
  "gold22K": 11163.43,
  "gold18K": 9100.62,
  "silver": 148.14665,
  "silverJewelry": 136.29
}