{
  "asOn": "2025-11-07T21:25:09.721Z",
  "gold24K": 12123.872500000001,
  "gold22K": 11153.96,
  "gold18K": 9092.9,
  "silver": 148.12475,
  "silverJewelry": 136.27
}