{
  "asOn": "2025-11-13T07:40:10.561Z",
  "gold24K": 12741.005000000001,
  "gold22K": 11721.72,
  "gold18K": 9555.75,
  "silver": 164.418125,
  "silverJewelry": 151.26
}