{
  "asOn": "2025-11-05T15:20:04.699Z",
  "gold24K": 12069.494999999999,
  "gold22K": 11103.94,
  "gold18K": 9052.12,
  "silver": 146.646125,
  "silverJewelry": 134.91
}