{
  "asOn": "2025-11-12T06:55:06.818Z",
  "gold24K": 12457.085000000001,
  "gold22K": 11460.52,
  "gold18K": 9342.81,
  "silver": 156.510875,
  "silverJewelry": 143.99
}