{
  "asOn": "2025-11-05T06:40:05.019Z",
  "gold24K": 12099.244999999999,
  "gold22K": 11131.31,
  "gold18K": 9074.43,
  "silver": 146.64905,
  "silverJewelry": 134.92
}