{
  "asOn": "2025-11-07T14:05:08.818Z",
  "gold24K": 12108.272500000001,
  "gold22K": 11139.61,
  "gold18K": 9081.2,
  "silver": 148.72729999999999,
  "silverJewelry": 136.83
}