{
  "asOn": "2025-11-13T14:00:07.888Z",
  "gold24K": 12766.939999999999,
  "gold22K": 11745.58,
  "gold18K": 9575.2,
  "silver": 163.138925,
  "silverJewelry": 150.09
}