{
  "asOn": "2025-11-07T11:40:19.029Z",
  "gold24K": 12110.710000000001,
  "gold22K": 11141.85,
  "gold18K": 9083.03,
  "silver": 148.771175,
  "silverJewelry": 136.87
}