{
  "asOn": "2025-12-04T09:35:07.401Z",
  "gold24K": 12772.297999999999,
  "gold22K": 11750.51,
  "gold18K": 9579.22,
  "silver": 169.91795,
  "silverJewelry": 156.32
}