{
  "asOn": "2025-11-11T05:55:07.144Z",
  "gold24K": 12515.682499999999,
  "gold22K": 11514.43,
  "gold18K": 9386.76,
  "silver": 154.12216,
  "silverJewelry": 141.79
}