{
  "asOn": "2025-11-10T17:15:07.709Z",
  "gold24K": 12416.914999999999,
  "gold22K": 11423.56,
  "gold18K": 9312.69,
  "silver": 152.19574,
  "silverJewelry": 140.02
}