{
  "asOn": "2025-11-10T12:05:07.030Z",
  "gold24K": 12365.630000000001,
  "gold22K": 11376.38,
  "gold18K": 9274.22,
  "silver": 151.75439,
  "silverJewelry": 139.61
}