{
  "asOn": "2025-11-06T09:00:06.316Z",
  "gold24K": 12174.182499999999,
  "gold22K": 11200.25,
  "gold18K": 9130.64,
  "silver": 149.36007500000002,
  "silverJewelry": 137.41
}