{
  "asOn": "2025-11-05T09:35:06.573Z",
  "gold24K": 12064.814999999999,
  "gold22K": 11099.63,
  "gold18K": 9048.61,
  "silver": 146.39165,
  "silverJewelry": 134.68
}