{
  "asOn": "2025-11-10T10:45:07.341Z",
  "gold24K": 12338.817500000001,
  "gold22K": 11351.71,
  "gold18K": 9254.11,
  "silver": 151.48764000000003,
  "silverJewelry": 139.37
}