{
  "asOn": "2025-11-04T07:50:05.210Z",
  "gold24K": 12161.352499999999,
  "gold22K": 11188.44,
  "gold18K": 9121.01,
  "silver": 146.265875,
  "silverJewelry": 134.56
}