{
  "asOn": "2025-11-12T03:50:06.619Z",
  "gold24K": 12460.692500000001,
  "gold22K": 11463.84,
  "gold18K": 9345.52,
  "silver": 155.53685000000002,
  "silverJewelry": 143.09
}