{
  "asOn": "2025-11-13T12:05:10.648Z",
  "gold24K": 12833.435000000001,
  "gold22K": 11806.76,
  "gold18K": 9625.08,
  "silver": 163.901375,
  "silverJewelry": 150.79
}