{
  "asOn": "2025-11-11T18:15:06.097Z",
  "gold24K": 12410.869999999999,
  "gold22K": 11418,
  "gold18K": 9308.15,
  "silver": 154.580375,
  "silverJewelry": 142.21
}