{
  "asOn": "2025-12-12T08:20:12.156Z",
  "gold24K": 13132.807999999999,
  "gold22K": 12082.18,
  "gold18K": 9849.61,
  "silver": 188.66145,
  "silverJewelry": 173.57
}