{
  "asOn": "2025-11-11T16:05:06.362Z",
  "gold24K": 12428.810000000001,
  "gold22K": 11434.51,
  "gold18K": 9321.61,
  "silver": 154.012925,
  "silverJewelry": 141.69
}