{
  "asOn": "2025-11-06T11:05:06.680Z",
  "gold24K": 12159.557499999999,
  "gold22K": 11186.79,
  "gold18K": 9119.67,
  "silver": 149.17970000000003,
  "silverJewelry": 137.25
}