{
  "asOn": "2025-11-08T00:15:05.960Z",
  "gold24K": 12119.289999999999,
  "gold22K": 11149.75,
  "gold18K": 9089.47,
  "silver": 148.12475,
  "silverJewelry": 136.27
}