{
  "asOn": "2025-12-04T14:50:09.865Z",
  "gold24K": 12782.542000000001,
  "gold22K": 11759.94,
  "gold18K": 9586.91,
  "silver": 169.05725,
  "silverJewelry": 155.53
}