{
  "asOn": "2025-11-06T16:25:04.698Z",
  "gold24K": 12076.877499999999,
  "gold22K": 11110.73,
  "gold18K": 9057.66,
  "silver": 147.10977499999998,
  "silverJewelry": 135.34
}