{
  "asOn": "2025-11-07T13:30:06.280Z",
  "gold24K": 12105.932499999999,
  "gold22K": 11137.46,
  "gold18K": 9079.45,
  "silver": 149.11632500000002,
  "silverJewelry": 137.19
}