{
  "asOn": "2025-11-11T15:55:07.498Z",
  "gold24K": 12411.064999999999,
  "gold22K": 11418.18,
  "gold18K": 9308.3,
  "silver": 153.72432500000002,
  "silverJewelry": 141.43
}