{
  "asOn": "2025-11-05T12:45:09.356Z",
  "gold24K": 12055.942500000001,
  "gold22K": 11091.47,
  "gold18K": 9041.96,
  "silver": 145.747175,
  "silverJewelry": 134.09
}