{
  "asOn": "2025-11-11T15:30:09.770Z",
  "gold24K": 12393.807499999999,
  "gold22K": 11402.3,
  "gold18K": 9295.36,
  "silver": 153.43767499999998,
  "silverJewelry": 141.16
}