{
  "asOn": "2025-12-05T16:00:11.308Z",
  "gold24K": 12911.577000000001,
  "gold22K": 11878.65,
  "gold18K": 9683.68,
  "silver": 175.03845,
  "silverJewelry": 161.04
}