{
  "asOn": "2025-11-13T09:55:10.398Z",
  "gold24K": 12791.022500000001,
  "gold22K": 11767.74,
  "gold18K": 9593.27,
  "silver": 164.67454999999998,
  "silverJewelry": 151.5
}