{
  "asOn": "2025-11-11T07:30:06.096Z",
  "gold24K": 12503.397500000001,
  "gold22K": 11503.13,
  "gold18K": 9377.55,
  "silver": 153.78751,
  "silverJewelry": 141.48
}