{
  "asOn": "2025-11-12T13:30:11.919Z",
  "gold24K": 12487.505000000001,
  "gold22K": 11488.5,
  "gold18K": 9365.63,
  "silver": 157.212875,
  "silverJewelry": 144.64
}