{
  "asOn": "2025-11-04T10:25:05.652Z",
  "gold24K": 12149.067500000001,
  "gold22K": 11177.14,
  "gold18K": 9111.8,
  "silver": 146.215175,
  "silverJewelry": 134.52
}