{
  "asOn": "2025-11-10T06:15:06.452Z",
  "gold24K": 12303.619999999999,
  "gold22K": 11319.33,
  "gold18K": 9227.72,
  "silver": 150.50988,
  "silverJewelry": 138.47
}