{
  "asOn": "2025-12-04T12:10:08.725Z",
  "gold24K": 12775.252999999999,
  "gold22K": 11753.23,
  "gold18K": 9581.44,
  "silver": 170.68175,
  "silverJewelry": 157.03
}