{
  "asOn": "2025-11-10T04:40:08.388Z",
  "gold24K": 12270.372500000001,
  "gold22K": 11288.74,
  "gold18K": 9202.78,
  "silver": 150.00354000000002,
  "silverJewelry": 138
}