{
  "asOn": "2025-12-11T16:00:09.193Z",
  "gold24K": 12970.677000000001,
  "gold22K": 11933.02,
  "gold18K": 9728.01,
  "silver": 186.86405000000002,
  "silverJewelry": 171.91
}