{
  "asOn": "2025-11-06T13:45:06.701Z",
  "gold24K": 12170.380000000001,
  "gold22K": 11196.75,
  "gold18K": 9127.78,
  "silver": 148.94082500000002,
  "silverJewelry": 137.03
}