{
  "asOn": "2025-11-12T11:00:10.670Z",
  "gold24K": 12484.189999999999,
  "gold22K": 11485.45,
  "gold18K": 9363.14,
  "silver": 157.41275,
  "silverJewelry": 144.82
}