{
  "asOn": "2025-12-04T10:45:06.747Z",
  "gold24K": 12791.407000000001,
  "gold22K": 11768.09,
  "gold18K": 9593.56,
  "silver": 170.53640000000001,
  "silverJewelry": 156.89
}