{
  "asOn": "2025-11-10T04:20:08.988Z",
  "gold24K": 12269.397500000001,
  "gold22K": 11287.85,
  "gold18K": 9202.05,
  "silver": 149.79498999999998,
  "silverJewelry": 137.81
}