{
  "asOn": "2025-12-12T12:15:10.946Z",
  "gold24K": 13274.451000000001,
  "gold22K": 12212.49,
  "gold18K": 9955.84,
  "silver": 190.91295000000002,
  "silverJewelry": 175.64
}