{
  "asOn": "2025-12-05T11:10:08.918Z",
  "gold24K": 12864.493999999999,
  "gold22K": 11835.33,
  "gold18K": 9648.37,
  "silver": 172.90095,
  "silverJewelry": 159.07
}