{
  "asOn": "2025-11-12T11:40:08.834Z",
  "gold24K": 12475.317500000001,
  "gold22K": 11477.29,
  "gold18K": 9356.49,
  "silver": 157.03835,
  "silverJewelry": 144.48
}