{
  "asOn": "2025-12-04T17:30:07.896Z",
  "gold24K": 12807.659500000002,
  "gold22K": 11783.05,
  "gold18K": 9605.74,
  "silver": 169.62725,
  "silverJewelry": 156.06
}