{
  "asOn": "2025-11-07T12:35:09.091Z",
  "gold24K": 12115.682499999999,
  "gold22K": 11146.43,
  "gold18K": 9086.76,
  "silver": 149.048075,
  "silverJewelry": 137.12
}