{
  "asOn": "2025-11-05T11:35:05.964Z",
  "gold24K": 12043.755000000001,
  "gold22K": 11080.25,
  "gold18K": 9032.82,
  "silver": 146.154725,
  "silverJewelry": 134.46
}