{
  "asOn": "2025-11-11T16:30:13.498Z",
  "gold24K": 12414.185000000001,
  "gold22K": 11421.05,
  "gold18K": 9310.64,
  "silver": 154.276175,
  "silverJewelry": 141.93
}