{
  "asOn": "2025-11-12T14:30:08.116Z",
  "gold24K": 12507.005000000001,
  "gold22K": 11506.44,
  "gold18K": 9380.25,
  "silver": 157.75985,
  "silverJewelry": 145.14
}