{
  "asOn": "2025-12-09T16:00:16.505Z",
  "gold24K": 12812.288999999999,
  "gold22K": 11787.31,
  "gold18K": 9609.22,
  "silver": 177.64905,
  "silverJewelry": 163.44
}