{
  "asOn": "2025-11-11T04:40:06.917Z",
  "gold24K": 12549.710000000001,
  "gold22K": 11545.73,
  "gold18K": 9412.28,
  "silver": 154.64693,
  "silverJewelry": 142.28
}