{
  "asOn": "2025-11-11T14:10:12.137Z",
  "gold24K": 12500.960000000001,
  "gold22K": 11500.88,
  "gold18K": 9375.72,
  "silver": 155.54854999999998,
  "silverJewelry": 143.1
}