{
  "asOn": "2025-11-06T09:30:05.537Z",
  "gold24K": 12170.185000000001,
  "gold22K": 11196.57,
  "gold18K": 9127.64,
  "silver": 149.307425,
  "silverJewelry": 137.36
}