{
  "asOn": "2025-11-10T13:45:09.756Z",
  "gold24K": 12407.164999999999,
  "gold22K": 11414.59,
  "gold18K": 9305.37,
  "silver": 151.51674,
  "silverJewelry": 139.4
}