{
  "asOn": "2025-11-06T11:15:08.455Z",
  "gold24K": 12157.022500000001,
  "gold22K": 11184.46,
  "gold18K": 9117.77,
  "silver": 149.03832500000001,
  "silverJewelry": 137.12
}