{
  "asOn": "2025-12-05T13:00:11.779Z",
  "gold24K": 12870.797999999999,
  "gold22K": 11841.13,
  "gold18K": 9653.1,
  "silver": 172.88955,
  "silverJewelry": 159.06
}