{
  "asOn": "2025-12-03T18:00:12.869Z",
  "gold24K": 12867.941499999999,
  "gold22K": 11838.51,
  "gold18K": 9650.96,
  "silver": 173.66855,
  "silverJewelry": 159.78
}