{
  "asOn": "2025-11-07T16:05:08.849Z",
  "gold24K": 12101.252499999999,
  "gold22K": 11133.15,
  "gold18K": 9075.94,
  "silver": 148.20567499999999,
  "silverJewelry": 136.35
}