{
  "asOn": "2025-11-05T05:15:05.439Z",
  "gold24K": 12104.022500000001,
  "gold22K": 11135.7,
  "gold18K": 9078.02,
  "silver": 146.718275,
  "silverJewelry": 134.98
}