{
  "asOn": "2025-12-11T18:10:07.338Z",
  "gold24K": 13049.181499999999,
  "gold22K": 12005.25,
  "gold18K": 9786.89,
  "silver": 188.91605,
  "silverJewelry": 173.8
}