{
  "asOn": "2025-11-05T15:25:06.258Z",
  "gold24K": 12070.372500000001,
  "gold22K": 11104.74,
  "gold18K": 9052.78,
  "silver": 146.76604999999998,
  "silverJewelry": 135.02
}