{
  "asOn": "2025-11-07T11:30:07.086Z",
  "gold24K": 12123.872500000001,
  "gold22K": 11153.96,
  "gold18K": 9092.9,
  "silver": 149.00420000000003,
  "silverJewelry": 137.08
}