{
  "asOn": "2025-11-05T16:35:05.472Z",
  "gold24K": 12086.752499999999,
  "gold22K": 11119.81,
  "gold18K": 9065.06,
  "silver": 147.010775,
  "silverJewelry": 135.25
}