{
  "asOn": "2025-11-04T17:35:05.933Z",
  "gold24K": 12079.647500000001,
  "gold22K": 11113.28,
  "gold18K": 9059.74,
  "silver": 145.885625,
  "silverJewelry": 134.21
}