{
  "asOn": "2025-11-10T05:30:09.140Z",
  "gold24K": 12284.314999999999,
  "gold22K": 11301.57,
  "gold18K": 9213.24,
  "silver": 150.43422,
  "silverJewelry": 138.4
}