{
  "asOn": "2025-11-07T14:50:06.182Z",
  "gold24K": 12082.630000000001,
  "gold22K": 11116.02,
  "gold18K": 9061.97,
  "silver": 148.22517499999998,
  "silverJewelry": 136.37
}