{
  "asOn": "2025-11-05T12:55:06.422Z",
  "gold24K": 12055.942500000001,
  "gold22K": 11091.47,
  "gold18K": 9041.96,
  "silver": 145.840775,
  "silverJewelry": 134.17
}