{
  "asOn": "2025-11-07T06:05:08.929Z",
  "gold24K": 12097.060000000001,
  "gold22K": 11129.3,
  "gold18K": 9072.8,
  "silver": 148.622975,
  "silverJewelry": 136.73
}