{
  "asOn": "2025-11-05T10:05:08.658Z",
  "gold24K": 12048.630000000001,
  "gold22K": 11084.74,
  "gold18K": 9036.47,
  "silver": 146.427725,
  "silverJewelry": 134.71
}