{
  "asOn": "2025-12-11T07:55:06.592Z",
  "gold24K": 12876.707999999999,
  "gold22K": 11846.57,
  "gold18K": 9657.53,
  "silver": 183.21224999999998,
  "silverJewelry": 168.56
}