{
  "asOn": "2025-12-03T15:35:20.630Z",
  "gold24K": 12895.521499999999,
  "gold22K": 11863.88,
  "gold18K": 9671.64,
  "silver": 174.17775,
  "silverJewelry": 160.24
}