{
  "asOn": "2025-11-10T17:00:07.556Z",
  "gold24K": 12413.502499999999,
  "gold22K": 11420.42,
  "gold18K": 9310.13,
  "silver": 152.04733,
  "silverJewelry": 139.88
}