{
  "asOn": "2025-12-11T10:25:06.533Z",
  "gold24K": 12892.467999999999,
  "gold22K": 11861.07,
  "gold18K": 9669.35,
  "silver": 184.04255,
  "silverJewelry": 169.32
}