{
  "asOn": "2025-11-13T10:55:07.082Z",
  "gold24K": 12780.005000000001,
  "gold22K": 11757.6,
  "gold18K": 9585,
  "silver": 163.961825,
  "silverJewelry": 150.84
}