{
  "asOn": "2025-11-07T19:55:06.060Z",
  "gold24K": 12139.960000000001,
  "gold22K": 11168.76,
  "gold18K": 9104.97,
  "silver": 148.12475,
  "silverJewelry": 136.27
}