{
  "asOn": "2025-11-07T19:15:04.719Z",
  "gold24K": 12140.935000000001,
  "gold22K": 11169.66,
  "gold18K": 9105.7,
  "silver": 148.12475,
  "silverJewelry": 136.27
}