{
  "asOn": "2025-12-12T16:05:09.290Z",
  "gold24K": 13106.114500000001,
  "gold22K": 12057.63,
  "gold18K": 9829.59,
  "silver": 183.55804999999998,
  "silverJewelry": 168.87
}