{
  "asOn": "2025-11-10T07:05:12.332Z",
  "gold24K": 12309.664999999999,
  "gold22K": 11324.89,
  "gold18K": 9232.25,
  "silver": 150.88527,
  "silverJewelry": 138.81
}