{
  "asOn": "2025-12-12T06:45:09.250Z",
  "gold24K": 13090.847000000002,
  "gold22K": 12043.58,
  "gold18K": 9818.14,
  "silver": 188.48000000000002,
  "silverJewelry": 173.4
}