{
  "asOn": "2025-11-05T04:00:13.413Z",
  "gold24K": 12074.772500000001,
  "gold22K": 11108.79,
  "gold18K": 9056.08,
  "silver": 146.36825,
  "silverJewelry": 134.66
}