{
  "asOn": "2025-11-10T09:30:09.513Z",
  "gold24K": 12333.064999999999,
  "gold22K": 11346.42,
  "gold18K": 9249.8,
  "silver": 151.17335999999997,
  "silverJewelry": 139.08
}