{
  "asOn": "2025-11-12T12:10:07.175Z",
  "gold24K": 12482.727499999999,
  "gold22K": 11484.11,
  "gold18K": 9362.05,
  "silver": 156.92817499999998,
  "silverJewelry": 144.37
}