{
  "asOn": "2025-12-09T11:55:10.307Z",
  "gold24K": 12812.682999999999,
  "gold22K": 11787.67,
  "gold18K": 9609.51,
  "silver": 174.11505,
  "silverJewelry": 160.19
}