{
  "asOn": "2025-11-06T05:40:06.286Z",
  "gold24K": 12110.835000000001,
  "gold22K": 11141.97,
  "gold18K": 9083.13,
  "silver": 147.738125,
  "silverJewelry": 135.92
}