{
  "asOn": "2025-11-11T14:25:07.666Z",
  "gold24K": 12482.727499999999,
  "gold22K": 11484.11,
  "gold18K": 9362.05,
  "silver": 155.25215,
  "silverJewelry": 142.83
}