{
  "asOn": "2025-11-07T14:40:09.012Z",
  "gold24K": 12076.682499999999,
  "gold22K": 11110.55,
  "gold18K": 9057.51,
  "silver": 148.121825,
  "silverJewelry": 136.27
}