{
  "asOn": "2025-11-03T16:25:05.771Z",
  "gold24K": 12173.164999999999,
  "gold22K": 11199.31,
  "gold18K": 9129.87,
  "silver": 148.044275,
  "silverJewelry": 136.2
}