{
  "asOn": "2025-12-12T11:05:09.065Z",
  "gold24K": 13259.183500000001,
  "gold22K": 12198.45,
  "gold18K": 9944.39,
  "silver": 190.41325,
  "silverJewelry": 175.18
}