{
  "asOn": "2025-11-10T11:25:06.357Z",
  "gold24K": 12345.057499999999,
  "gold22K": 11357.45,
  "gold18K": 9258.79,
  "silver": 151.34796,
  "silverJewelry": 139.24
}