{
  "asOn": "2025-11-07T13:25:05.308Z",
  "gold24K": 12108.369999999999,
  "gold22K": 11139.7,
  "gold18K": 9081.28,
  "silver": 149.098775,
  "silverJewelry": 137.17
}