{
  "asOn": "2025-11-04T02:10:06.762Z",
  "gold24K": 12124.122500000001,
  "gold22K": 11154.19,
  "gold18K": 9093.09,
  "silver": 148.14665,
  "silverJewelry": 136.29
}