{
  "asOn": "2025-11-10T12:30:07.802Z",
  "gold24K": 12393.807499999999,
  "gold22K": 11402.3,
  "gold18K": 9295.36,
  "silver": 151.98234,
  "silverJewelry": 139.82
}