{
  "asOn": "2025-11-10T13:20:11.221Z",
  "gold24K": 12425.494999999999,
  "gold22K": 11431.46,
  "gold18K": 9319.12,
  "silver": 151.89407,
  "silverJewelry": 139.74
}