{
  "asOn": "2025-11-11T14:00:11.264Z",
  "gold24K": 12506.810000000001,
  "gold22K": 11506.27,
  "gold18K": 9380.11,
  "silver": 154.56932999999998,
  "silverJewelry": 142.2
}