{
  "asOn": "2025-12-04T10:55:06.946Z",
  "gold24K": 12797.711000000001,
  "gold22K": 11773.89,
  "gold18K": 9598.28,
  "silver": 170.54495,
  "silverJewelry": 156.9
}