{
  "asOn": "2025-11-03T16:20:08.671Z",
  "gold24K": 12176.772500000001,
  "gold22K": 11202.63,
  "gold18K": 9132.58,
  "silver": 148.147625,
  "silverJewelry": 136.3
}