{
  "asOn": "2025-12-12T09:45:08.122Z",
  "gold24K": 13181.072999999999,
  "gold22K": 12126.59,
  "gold18K": 9885.8,
  "silver": 188.85905,
  "silverJewelry": 173.75
}