{
  "asOn": "2025-11-11T08:55:07.502Z",
  "gold24K": 12494.817500000001,
  "gold22K": 11495.23,
  "gold18K": 9371.11,
  "silver": 153.68954000000002,
  "silverJewelry": 141.39
}