{
  "asOn": "2025-11-10T08:25:08.412Z",
  "gold24K": 12319.414999999999,
  "gold22K": 11333.86,
  "gold18K": 9239.56,
  "silver": 151.61373999999998,
  "silverJewelry": 139.48
}