{
  "asOn": "2025-12-05T09:30:09.261Z",
  "gold24K": 12862.228500000001,
  "gold22K": 11833.25,
  "gold18K": 9646.67,
  "silver": 172.64065,
  "silverJewelry": 158.83
}