{
  "asOn": "2025-11-07T18:30:10.556Z",
  "gold24K": 12126.505000000001,
  "gold22K": 11156.38,
  "gold18K": 9094.88,
  "silver": 148.12475,
  "silverJewelry": 136.27
}