{
  "asOn": "2025-11-05T04:35:06.398Z",
  "gold24K": 12095.442500000001,
  "gold22K": 11127.81,
  "gold18K": 9071.58,
  "silver": 146.40822500000002,
  "silverJewelry": 134.7
}