{
  "asOn": "2025-11-12T12:40:08.702Z",
  "gold24K": 12506.810000000001,
  "gold22K": 11506.27,
  "gold18K": 9380.11,
  "silver": 157.240175,
  "silverJewelry": 144.66
}