{
  "asOn": "2025-11-12T11:45:12.419Z",
  "gold24K": 12482.727499999999,
  "gold22K": 11484.11,
  "gold18K": 9362.05,
  "silver": 156.97985,
  "silverJewelry": 144.42
}