{
  "asOn": "2025-11-03T14:40:08.582Z",
  "gold24K": 12204.560000000001,
  "gold22K": 11228.2,
  "gold18K": 9153.42,
  "silver": 149.352725,
  "silverJewelry": 137.4
}