{
  "asOn": "2025-11-04T03:25:06.891Z",
  "gold24K": 12148.789999999999,
  "gold22K": 11176.89,
  "gold18K": 9111.59,
  "silver": 148.14665,
  "silverJewelry": 136.29
}