{
  "asOn": "2025-11-06T13:55:09.164Z",
  "gold24K": 12169.210000000001,
  "gold22K": 11195.67,
  "gold18K": 9126.91,
  "silver": 148.95935,
  "silverJewelry": 137.04
}