{
  "asOn": "2025-11-10T14:45:09.453Z",
  "gold24K": 12379.085000000001,
  "gold22K": 11388.76,
  "gold18K": 9284.31,
  "silver": 151.19373000000002,
  "silverJewelry": 139.1
}