{
  "asOn": "2025-12-12T16:55:08.476Z",
  "gold24K": 13086.907000000001,
  "gold22K": 12039.95,
  "gold18K": 9815.18,
  "silver": 181.36355,
  "silverJewelry": 166.85
}