{
  "asOn": "2025-11-07T19:35:06.222Z",
  "gold24K": 12133.817500000001,
  "gold22K": 11163.11,
  "gold18K": 9100.36,
  "silver": 148.12475,
  "silverJewelry": 136.27
}