{
  "asOn": "2025-11-13T17:15:09.842Z",
  "gold24K": 12670.414999999999,
  "gold22K": 11656.78,
  "gold18K": 9502.81,
  "silver": 161.62085000000002,
  "silverJewelry": 148.69
}