{
  "asOn": "2025-11-10T17:20:06.027Z",
  "gold24K": 12414.477499999999,
  "gold22K": 11421.32,
  "gold18K": 9310.86,
  "silver": 152.16955,
  "silverJewelry": 140
}