{
  "asOn": "2025-11-14T06:10:08.697Z",
  "gold24K": 12642.335000000001,
  "gold22K": 11630.95,
  "gold18K": 9481.75,
  "silver": 161.34005,
  "silverJewelry": 148.43
}