{
  "asOn": "2025-11-07T20:20:07.539Z",
  "gold24K": 12113.439999999999,
  "gold22K": 11144.36,
  "gold18K": 9085.08,
  "silver": 148.12475,
  "silverJewelry": 136.27
}