{
  "asOn": "2025-11-11T08:50:12.916Z",
  "gold24K": 12491.502499999999,
  "gold22K": 11492.18,
  "gold18K": 9368.63,
  "silver": 153.76035000000002,
  "silverJewelry": 141.46
}