{
  "asOn": "2025-12-05T17:50:07.709Z",
  "gold24K": 12844.597000000002,
  "gold22K": 11817.03,
  "gold18K": 9633.45,
  "silver": 173.89180000000002,
  "silverJewelry": 159.98
}