{
  "asOn": "2025-11-13T13:30:08.377Z",
  "gold24K": 12777.567500000001,
  "gold22K": 11755.36,
  "gold18K": 9583.18,
  "silver": 163.349525,
  "silverJewelry": 150.28
}