{
  "asOn": "2025-11-06T16:30:08.167Z",
  "gold24K": 12089.747500000001,
  "gold22K": 11122.57,
  "gold18K": 9067.31,
  "silver": 147.30185,
  "silverJewelry": 135.52
}