{
  "asOn": "2025-12-11T13:20:08.841Z",
  "gold24K": 12855.037999999999,
  "gold22K": 11826.63,
  "gold18K": 9641.28,
  "silver": 183.74235000000002,
  "silverJewelry": 169.04
}