{
  "asOn": "2025-11-11T09:05:09.449Z",
  "gold24K": 12509.247500000001,
  "gold22K": 11508.51,
  "gold18K": 9381.94,
  "silver": 153.95823000000001,
  "silverJewelry": 141.64
}