{
  "asOn": "2025-12-12T14:35:07.579Z",
  "gold24K": 13288.930499999999,
  "gold22K": 12225.82,
  "gold18K": 9966.7,
  "silver": 190.94525000000002,
  "silverJewelry": 175.67
}