{
  "asOn": "2025-12-03T11:55:10.486Z",
  "gold24K": 12849.620499999999,
  "gold22K": 11821.65,
  "gold18K": 9637.22,
  "silver": 173.66000000000003,
  "silverJewelry": 159.77
}