{
  "asOn": "2025-11-12T08:05:08.848Z",
  "gold24K": 12457.085000000001,
  "gold22K": 11460.52,
  "gold18K": 9342.81,
  "silver": 157.150475,
  "silverJewelry": 144.58
}