{
  "asOn": "2025-11-10T16:35:08.351Z",
  "gold24K": 12413.210000000001,
  "gold22K": 11420.15,
  "gold18K": 9309.91,
  "silver": 151.85915,
  "silverJewelry": 139.71
}