{
  "asOn": "2025-12-12T12:40:13.626Z",
  "gold24K": 13261.350499999999,
  "gold22K": 12200.44,
  "gold18K": 9946.01,
  "silver": 190.33630000000002,
  "silverJewelry": 175.11
}