{
  "asOn": "2025-11-05T04:45:07.035Z",
  "gold24K": 12104.022500000001,
  "gold22K": 11135.7,
  "gold18K": 9078.02,
  "silver": 146.81285,
  "silverJewelry": 135.07
}