{
  "asOn": "2025-11-04T10:10:04.891Z",
  "gold24K": 12143.997500000001,
  "gold22K": 11172.48,
  "gold18K": 9108,
  "silver": 146.21615,
  "silverJewelry": 134.52
}