{
  "asOn": "2025-12-12T14:05:07.578Z",
  "gold24K": 13292.377999999999,
  "gold22K": 12228.99,
  "gold18K": 9969.28,
  "silver": 190.76000000000002,
  "silverJewelry": 175.5
}