{
  "asOn": "2025-11-10T12:45:07.132Z",
  "gold24K": 12394.977499999999,
  "gold22K": 11403.38,
  "gold18K": 9296.23,
  "silver": 152.05897,
  "silverJewelry": 139.89
}