{
  "asOn": "2025-11-10T09:00:07.818Z",
  "gold24K": 12330.627499999999,
  "gold22K": 11344.18,
  "gold18K": 9247.97,
  "silver": 151.80289000000002,
  "silverJewelry": 139.66
}