{
  "asOn": "2025-12-09T17:35:23.419Z",
  "gold24K": 12816.032000000001,
  "gold22K": 11790.75,
  "gold18K": 9612.02,
  "silver": 178.36345,
  "silverJewelry": 164.09
}