{
  "asOn": "2025-11-04T11:45:09.055Z",
  "gold24K": 12149.164999999999,
  "gold22K": 11177.23,
  "gold18K": 9111.87,
  "silver": 146.29805,
  "silverJewelry": 134.59
}