{
  "asOn": "2025-11-13T16:30:08.017Z",
  "gold24K": 12700.835000000001,
  "gold22K": 11684.77,
  "gold18K": 9525.63,
  "silver": 161.933825,
  "silverJewelry": 148.98
}