{
  "asOn": "2025-11-13T10:15:10.399Z",
  "gold24K": 12800.772500000001,
  "gold22K": 11776.71,
  "gold18K": 9600.58,
  "silver": 164.48345,
  "silverJewelry": 151.32
}