{
  "asOn": "2025-12-04T12:30:07.928Z",
  "gold24K": 12775.351499999999,
  "gold22K": 11753.32,
  "gold18K": 9581.51,
  "silver": 170.71595,
  "silverJewelry": 157.06
}