{
  "asOn": "2025-11-07T19:05:05.348Z",
  "gold24K": 12137.814999999999,
  "gold22K": 11166.79,
  "gold18K": 9103.36,
  "silver": 148.12475,
  "silverJewelry": 136.27
}