{
  "asOn": "2025-11-06T09:05:10.884Z",
  "gold24K": 12171.939999999999,
  "gold22K": 11198.18,
  "gold18K": 9128.95,
  "silver": 149.30255,
  "silverJewelry": 137.36
}