{
  "asOn": "2025-11-10T09:45:06.989Z",
  "gold24K": 12336.185000000001,
  "gold22K": 11349.29,
  "gold18K": 9252.14,
  "silver": 151.37511999999998,
  "silverJewelry": 139.27
}