{
  "asOn": "2025-11-06T18:15:05.762Z",
  "gold24K": 12091.502499999999,
  "gold22K": 11124.18,
  "gold18K": 9068.63,
  "silver": 147.44225,
  "silverJewelry": 135.65
}