{
  "asOn": "2025-11-13T10:25:09.667Z",
  "gold24K": 12803.502499999999,
  "gold22K": 11779.22,
  "gold18K": 9602.63,
  "silver": 164.63555,
  "silverJewelry": 151.46
}