{
  "asOn": "2025-11-04T14:35:06.616Z",
  "gold24K": 12001.647500000001,
  "gold22K": 11041.52,
  "gold18K": 9001.24,
  "silver": 144.692225,
  "silverJewelry": 133.12
}