{
  "asOn": "2025-11-03T15:45:08.416Z",
  "gold24K": 12232.835000000001,
  "gold22K": 11254.21,
  "gold18K": 9174.63,
  "silver": 148.77942499999997,
  "silverJewelry": 136.88
}