{
  "asOn": "2025-11-04T03:45:05.463Z",
  "gold24K": 12134.067500000001,
  "gold22K": 11163.34,
  "gold18K": 9100.55,
  "silver": 147.584075,
  "silverJewelry": 135.78
}