{
  "asOn": "2025-11-13T07:25:06.940Z",
  "gold24K": 12743.539999999999,
  "gold22K": 11724.06,
  "gold18K": 9557.65,
  "silver": 164.810075,
  "silverJewelry": 151.63
}