{
  "asOn": "2025-11-06T16:50:04.603Z",
  "gold24K": 12081.752499999999,
  "gold22K": 11115.21,
  "gold18K": 9061.31,
  "silver": 147.224825,
  "silverJewelry": 135.45
}