{
  "asOn": "2025-11-07T10:05:06.484Z",
  "gold24K": 12144.835000000001,
  "gold22K": 11173.25,
  "gold18K": 9108.63,
  "silver": 149.596025,
  "silverJewelry": 137.63
}