{
  "asOn": "2025-12-09T13:55:12.184Z",
  "gold24K": 12797.711000000001,
  "gold22K": 11773.89,
  "gold18K": 9598.28,
  "silver": 174.37345,
  "silverJewelry": 160.42
}