{
  "asOn": "2025-11-07T21:05:08.218Z",
  "gold24K": 12130.502499999999,
  "gold22K": 11160.06,
  "gold18K": 9097.88,
  "silver": 148.12475,
  "silverJewelry": 136.27
}