{
  "asOn": "2025-12-12T15:50:07.304Z",
  "gold24K": 13234.262999999999,
  "gold22K": 12175.52,
  "gold18K": 9925.7,
  "silver": 186.73865,
  "silverJewelry": 171.8
}