{
  "asOn": "2025-11-04T13:50:05.340Z",
  "gold24K": 12122.060000000001,
  "gold22K": 11152.3,
  "gold18K": 9091.55,
  "silver": 145.73254999999997,
  "silverJewelry": 134.07
}