{
  "asOn": "2025-11-05T10:40:09.745Z",
  "gold24K": 12058.380000000001,
  "gold22K": 11093.71,
  "gold18K": 9043.78,
  "silver": 146.48135,
  "silverJewelry": 134.76
}