{
  "asOn": "2025-11-12T09:20:12.544Z",
  "gold24K": 12480.192500000001,
  "gold22K": 11481.78,
  "gold18K": 9360.14,
  "silver": 157.294775,
  "silverJewelry": 144.71
}