{
  "asOn": "2025-11-13T11:45:07.119Z",
  "gold24K": 12781.369999999999,
  "gold22K": 11758.86,
  "gold18K": 9586.03,
  "silver": 163.64592499999998,
  "silverJewelry": 150.55
}