{
  "asOn": "2025-11-13T18:20:06.886Z",
  "gold24K": 12684.747500000001,
  "gold22K": 11669.97,
  "gold18K": 9513.56,
  "silver": 162.47105,
  "silverJewelry": 149.47
}