{
  "asOn": "2025-11-04T16:35:07.722Z",
  "gold24K": 12089.397500000001,
  "gold22K": 11122.25,
  "gold18K": 9067.05,
  "silver": 146.30975,
  "silverJewelry": 134.6
}