{
  "asOn": "2025-11-10T06:00:08.338Z",
  "gold24K": 12309.372500000001,
  "gold22K": 11324.62,
  "gold18K": 9232.03,
  "silver": 150.61464,
  "silverJewelry": 138.57
}