{
  "asOn": "2025-11-04T09:10:09.060Z",
  "gold24K": 12151.505000000001,
  "gold22K": 11179.38,
  "gold18K": 9113.63,
  "silver": 146.669525,
  "silverJewelry": 134.94
}