{
  "asOn": "2025-11-13T08:30:09.760Z",
  "gold24K": 12805.939999999999,
  "gold22K": 11781.46,
  "gold18K": 9604.45,
  "silver": 165.22639999999998,
  "silverJewelry": 152.01
}