{
  "asOn": "2025-11-03T17:55:07.680Z",
  "gold24K": 12189.252499999999,
  "gold22K": 11214.11,
  "gold18K": 9141.94,
  "silver": 148.31435000000002,
  "silverJewelry": 136.45
}