{
  "asOn": "2025-11-13T11:05:06.384Z",
  "gold24K": 12767.817500000001,
  "gold22K": 11746.39,
  "gold18K": 9575.86,
  "silver": 163.193525,
  "silverJewelry": 150.14
}