{
  "asOn": "2025-11-13T08:40:12.355Z",
  "gold24K": 12792.192500000001,
  "gold22K": 11768.82,
  "gold18K": 9594.14,
  "silver": 164.93779999999998,
  "silverJewelry": 151.74
}