{
  "asOn": "2025-12-12T17:05:08.807Z",
  "gold24K": 13117.047999999999,
  "gold22K": 12067.68,
  "gold18K": 9837.79,
  "silver": 181.98485,
  "silverJewelry": 167.43
}