{
  "asOn": "2025-12-05T18:10:10.767Z",
  "gold24K": 12849.226499999999,
  "gold22K": 11821.29,
  "gold18K": 9636.92,
  "silver": 174.24805,
  "silverJewelry": 160.31
}