{
  "asOn": "2025-11-04T11:05:05.377Z",
  "gold24K": 12158.914999999999,
  "gold22K": 11186.2,
  "gold18K": 9119.19,
  "silver": 146.579825,
  "silverJewelry": 134.85
}