{
  "asOn": "2025-11-10T03:00:42.113Z",
  "gold24K": 12257.502499999999,
  "gold22K": 11276.9,
  "gold18K": 9193.13,
  "silver": 147.71725,
  "silverJewelry": 135.9
}