{
  "asOn": "2025-11-12T05:05:07.367Z",
  "gold24K": 12435.439999999999,
  "gold22K": 11440.6,
  "gold18K": 9326.58,
  "silver": 155.296025,
  "silverJewelry": 142.87
}