{
  "asOn": "2025-11-12T08:45:08.955Z",
  "gold24K": 12481.752499999999,
  "gold22K": 11483.21,
  "gold18K": 9361.31,
  "silver": 157.35522500000002,
  "silverJewelry": 144.77
}