{
  "asOn": "2025-11-07T11:10:04.777Z",
  "gold24K": 12143.372500000001,
  "gold22K": 11171.9,
  "gold18K": 9107.53,
  "silver": 149.33765,
  "silverJewelry": 137.39
}