{
  "asOn": "2025-11-12T08:50:09.119Z",
  "gold24K": 12489.747500000001,
  "gold22K": 11490.57,
  "gold18K": 9367.31,
  "silver": 157.415675,
  "silverJewelry": 144.82
}