{
  "asOn": "2025-11-12T07:05:10.856Z",
  "gold24K": 12462.057499999999,
  "gold22K": 11465.09,
  "gold18K": 9346.54,
  "silver": 156.881375,
  "silverJewelry": 144.33
}