{
  "asOn": "2025-11-04T09:15:09.544Z",
  "gold24K": 12148.189999999999,
  "gold22K": 11176.33,
  "gold18K": 9111.14,
  "silver": 146.57104999999999,
  "silverJewelry": 134.85
}