{
  "asOn": "2025-11-14T03:30:09.970Z",
  "gold24K": 12721.505000000001,
  "gold22K": 11703.78,
  "gold18K": 9541.13,
  "silver": 162.977075,
  "silverJewelry": 149.94
}