{
  "asOn": "2025-11-13T05:55:12.025Z",
  "gold24K": 12740.810000000001,
  "gold22K": 11721.55,
  "gold18K": 9555.61,
  "silver": 164.58679999999998,
  "silverJewelry": 151.42
}