{
  "asOn": "2025-11-11T13:20:05.597Z",
  "gold24K": 12504.567500000001,
  "gold22K": 11504.2,
  "gold18K": 9378.43,
  "silver": 154.51501000000002,
  "silverJewelry": 142.15
}