{
  "asOn": "2025-11-06T06:55:06.934Z",
  "gold24K": 12107.130000000001,
  "gold22K": 11138.56,
  "gold18K": 9080.35,
  "silver": 147.66402499999998,
  "silverJewelry": 135.85
}