{
  "asOn": "2025-11-04T02:20:04.827Z",
  "gold24K": 12130.460000000001,
  "gold22K": 11160.02,
  "gold18K": 9097.85,
  "silver": 148.14665,
  "silverJewelry": 136.29
}