{
  "asOn": "2025-12-11T09:35:07.992Z",
  "gold24K": 12887.444500000001,
  "gold22K": 11856.45,
  "gold18K": 9665.58,
  "silver": 183.47825,
  "silverJewelry": 168.8
}