{
  "asOn": "2025-11-07T08:15:09.776Z",
  "gold24K": 12153.122500000001,
  "gold22K": 11180.87,
  "gold18K": 9114.84,
  "silver": 149.37664999999998,
  "silverJewelry": 137.43
}