{
  "asOn": "2025-11-06T08:20:08.722Z",
  "gold24K": 12169.210000000001,
  "gold22K": 11195.67,
  "gold18K": 9126.91,
  "silver": 149.10170000000002,
  "silverJewelry": 137.17
}