{
  "asOn": "2025-11-06T10:35:08.524Z",
  "gold24K": 12146.102499999999,
  "gold22K": 11174.41,
  "gold18K": 9109.58,
  "silver": 148.82675,
  "silverJewelry": 136.92
}