{
  "asOn": "2025-11-05T04:20:07.019Z",
  "gold24K": 12079.744999999999,
  "gold22K": 11113.37,
  "gold18K": 9059.81,
  "silver": 146.16545000000002,
  "silverJewelry": 134.47
}