{
  "asOn": "2025-11-12T08:25:14.005Z",
  "gold24K": 12486.627499999999,
  "gold22K": 11487.7,
  "gold18K": 9364.97,
  "silver": 157.251875,
  "silverJewelry": 144.67
}