{
  "asOn": "2025-11-05T15:55:06.192Z",
  "gold24K": 12089.872500000001,
  "gold22K": 11122.68,
  "gold18K": 9067.4,
  "silver": 147.47975,
  "silverJewelry": 135.68
}