{
  "asOn": "2025-11-06T15:10:04.966Z",
  "gold24K": 12093.647500000001,
  "gold22K": 11126.16,
  "gold18K": 9070.24,
  "silver": 147.63335,
  "silverJewelry": 135.82
}