{
  "asOn": "2025-11-11T14:15:06.703Z",
  "gold24K": 12502.227499999999,
  "gold22K": 11502.05,
  "gold18K": 9376.67,
  "silver": 155.52417499999999,
  "silverJewelry": 143.08
}