{
  "asOn": "2025-11-04T03:35:05.012Z",
  "gold24K": 12158.539999999999,
  "gold22K": 11185.86,
  "gold18K": 9118.9,
  "silver": 147.502175,
  "silverJewelry": 135.7
}