{
  "asOn": "2025-11-07T08:00:05.898Z",
  "gold24K": 12153.122500000001,
  "gold22K": 11180.87,
  "gold18K": 9114.84,
  "silver": 149.31035,
  "silverJewelry": 137.37
}