{
  "asOn": "2025-11-13T12:40:10.184Z",
  "gold24K": 12783.807499999999,
  "gold22K": 11761.1,
  "gold18K": 9587.86,
  "silver": 164.26407500000002,
  "silverJewelry": 151.12
}