{
  "asOn": "2025-11-07T08:10:11.080Z",
  "gold24K": 12148.539999999999,
  "gold22K": 11176.66,
  "gold18K": 9111.4,
  "silver": 149.27329999999998,
  "silverJewelry": 137.33
}