{
  "asOn": "2025-11-11T16:45:09.106Z",
  "gold24K": 12418.377499999999,
  "gold22K": 11424.91,
  "gold18K": 9313.78,
  "silver": 154.381475,
  "silverJewelry": 142.03
}