{
  "asOn": "2025-11-13T15:25:10.493Z",
  "gold24K": 12672.560000000001,
  "gold22K": 11658.76,
  "gold18K": 9504.42,
  "silver": 161.86655,
  "silverJewelry": 148.92
}