{
  "asOn": "2025-11-05T06:35:06.444Z",
  "gold24K": 12104.119999999999,
  "gold22K": 11135.79,
  "gold18K": 9078.09,
  "silver": 146.81675,
  "silverJewelry": 135.07
}