{
  "asOn": "2025-11-10T04:10:10.337Z",
  "gold24K": 12259.647500000001,
  "gold22K": 11278.88,
  "gold18K": 9194.74,
  "silver": 149.86579999999998,
  "silverJewelry": 137.88
}