{
  "asOn": "2025-11-05T09:40:07.449Z",
  "gold24K": 12069.397500000001,
  "gold22K": 11103.85,
  "gold18K": 9052.05,
  "silver": 146.45405,
  "silverJewelry": 134.74
}