{
  "asOn": "2025-11-07T15:35:06.913Z",
  "gold24K": 12090.039999999999,
  "gold22K": 11122.84,
  "gold18K": 9067.53,
  "silver": 148.100375,
  "silverJewelry": 136.25
}