{
  "asOn": "2025-12-03T09:20:09.085Z",
  "gold24K": 12896.036999999998,
  "gold22K": 11864.35,
  "gold18K": 9672.03,
  "silver": 176.57395,
  "silverJewelry": 162.45
}