{
  "asOn": "2025-11-13T12:35:11.876Z",
  "gold24K": 12778.835000000001,
  "gold22K": 11756.53,
  "gold18K": 9584.13,
  "silver": 164.24360000000001,
  "silverJewelry": 151.1
}