{
  "asOn": "2025-11-04T03:55:05.626Z",
  "gold24K": 12147.619999999999,
  "gold22K": 11175.81,
  "gold18K": 9110.72,
  "silver": 147.779075,
  "silverJewelry": 135.96
}