{
  "asOn": "2025-11-13T10:30:11.555Z",
  "gold24K": 12795.994999999999,
  "gold22K": 11772.32,
  "gold18K": 9597,
  "silver": 164.51270000000002,
  "silverJewelry": 151.35
}