{
  "asOn": "2025-11-07T08:30:05.097Z",
  "gold24K": 12143.664999999999,
  "gold22K": 11172.17,
  "gold18K": 9107.75,
  "silver": 149.165075,
  "silverJewelry": 137.23
}