{
  "asOn": "2025-11-06T17:00:08.827Z",
  "gold24K": 12089.064999999999,
  "gold22K": 11121.94,
  "gold18K": 9066.8,
  "silver": 147.35060000000001,
  "silverJewelry": 135.56
}