{
  "asOn": "2025-12-11T17:10:08.496Z",
  "gold24K": 13046.226499999999,
  "gold22K": 12002.53,
  "gold18K": 9784.67,
  "silver": 188.57405,
  "silverJewelry": 173.49
}