{
  "asOn": "2025-12-05T09:50:09.828Z",
  "gold24K": 12873.851499999999,
  "gold22K": 11843.94,
  "gold18K": 9655.39,
  "silver": 172.89525,
  "silverJewelry": 159.06
}