{
  "asOn": "2025-11-10T11:00:07.674Z",
  "gold24K": 12343.692500000001,
  "gold22K": 11356.2,
  "gold18K": 9257.77,
  "silver": 151.56620999999998,
  "silverJewelry": 139.44
}