{
  "asOn": "2025-11-10T13:05:10.130Z",
  "gold24K": 12429.005000000001,
  "gold22K": 11434.68,
  "gold18K": 9321.75,
  "silver": 152.09389000000002,
  "silverJewelry": 139.93
}