{
  "asOn": "2025-12-09T12:20:10.501Z",
  "gold24K": 12797.809500000001,
  "gold22K": 11773.98,
  "gold18K": 9598.36,
  "silver": 173.96020000000001,
  "silverJewelry": 160.04
}