{
  "asOn": "2025-11-06T03:50:04.652Z",
  "gold24K": 12103.619999999999,
  "gold22K": 11135.33,
  "gold18K": 9077.72,
  "silver": 147.34715,
  "silverJewelry": 135.56
}