{
  "asOn": "2025-12-12T17:35:07.648Z",
  "gold24K": 13117.047999999999,
  "gold22K": 12067.68,
  "gold18K": 9837.79,
  "silver": 182.25560000000002,
  "silverJewelry": 167.68
}