{
  "asOn": "2025-11-11T18:05:11.355Z",
  "gold24K": 12423.935000000001,
  "gold22K": 11430.02,
  "gold18K": 9317.95,
  "silver": 154.69835,
  "silverJewelry": 142.32
}