{
  "asOn": "2025-11-09T06:05:07.764Z",
  "gold24K": 12114.122500000001,
  "gold22K": 11144.99,
  "gold18K": 9085.59,
  "silver": 147.61725,
  "silverJewelry": 135.81
}