{
  "asOn": "2025-11-11T10:30:07.981Z",
  "gold24K": 12514.317500000001,
  "gold22K": 11513.17,
  "gold18K": 9385.74,
  "silver": 154.33168,
  "silverJewelry": 141.99
}