{
  "asOn": "2025-11-07T19:50:06.319Z",
  "gold24K": 12128.747500000001,
  "gold22K": 11158.45,
  "gold18K": 9096.56,
  "silver": 148.12475,
  "silverJewelry": 136.27
}