{
  "asOn": "2025-11-07T17:40:07.212Z",
  "gold24K": 12109.442500000001,
  "gold22K": 11140.69,
  "gold18K": 9082.08,
  "silver": 147.848825,
  "silverJewelry": 136.02
}