{
  "asOn": "2025-11-10T05:20:11.370Z",
  "gold24K": 12268.227499999999,
  "gold22K": 11286.77,
  "gold18K": 9201.17,
  "silver": 150.11315,
  "silverJewelry": 138.1
}