{
  "asOn": "2025-11-12T04:05:10.861Z",
  "gold24K": 12429.005000000001,
  "gold22K": 11434.68,
  "gold18K": 9321.75,
  "silver": 155.04545000000002,
  "silverJewelry": 142.64
}