{
  "asOn": "2025-11-07T19:25:06.893Z",
  "gold24K": 12137.522500000001,
  "gold22K": 11166.52,
  "gold18K": 9103.14,
  "silver": 148.12475,
  "silverJewelry": 136.27
}