{
  "asOn": "2025-11-07T18:15:05.753Z",
  "gold24K": 12123.189999999999,
  "gold22K": 11153.33,
  "gold18K": 9092.39,
  "silver": 148.04967499999998,
  "silverJewelry": 136.21
}