{
  "asOn": "2025-11-12T05:55:07.835Z",
  "gold24K": 12425.689999999999,
  "gold22K": 11431.63,
  "gold18K": 9319.27,
  "silver": 155.311625,
  "silverJewelry": 142.89
}