{
  "asOn": "2025-12-09T12:45:09.131Z",
  "gold24K": 12800.370499999999,
  "gold22K": 11776.34,
  "gold18K": 9600.28,
  "silver": 174.18060000000003,
  "silverJewelry": 160.25
}