{
  "asOn": "2025-11-06T15:50:10.724Z",
  "gold24K": 12080.192500000001,
  "gold22K": 11113.78,
  "gold18K": 9060.14,
  "silver": 147.150725,
  "silverJewelry": 135.38
}