{
  "asOn": "2025-12-12T06:20:09.313Z",
  "gold24K": 13066.222000000002,
  "gold22K": 12020.92,
  "gold18K": 9799.67,
  "silver": 188.27100000000002,
  "silverJewelry": 173.21
}