{
  "asOn": "2025-11-11T15:35:11.036Z",
  "gold24K": 12402.192500000001,
  "gold22K": 11410.02,
  "gold18K": 9301.64,
  "silver": 153.49715,
  "silverJewelry": 141.22
}