{
  "asOn": "2025-11-10T12:20:07.050Z",
  "gold24K": 12391.272500000001,
  "gold22K": 11399.97,
  "gold18K": 9293.45,
  "silver": 151.80289000000002,
  "silverJewelry": 139.66
}