{
  "asOn": "2025-11-12T10:15:06.988Z",
  "gold24K": 12474.439999999999,
  "gold22K": 11476.48,
  "gold18K": 9355.83,
  "silver": 157.417625,
  "silverJewelry": 144.82
}