{
  "asOn": "2025-11-10T10:35:12.532Z",
  "gold24K": 12332.772500000001,
  "gold22K": 11346.15,
  "gold18K": 9249.58,
  "silver": 151.48182,
  "silverJewelry": 139.36
}