{
  "asOn": "2025-12-04T14:25:10.321Z",
  "gold24K": 12802.340499999998,
  "gold22K": 11778.15,
  "gold18K": 9601.76,
  "silver": 171.04465,
  "silverJewelry": 157.36
}