{
  "asOn": "2025-11-05T05:50:04.835Z",
  "gold24K": 12083.255000000001,
  "gold22K": 11116.59,
  "gold18K": 9062.44,
  "silver": 146.35070000000002,
  "silverJewelry": 134.64
}