{
  "asOn": "2025-11-03T14:30:10.696Z",
  "gold24K": 12197.442500000001,
  "gold22K": 11221.65,
  "gold18K": 9148.08,
  "silver": 149.428775,
  "silverJewelry": 137.47
}