{
  "asOn": "2025-11-11T11:05:08.860Z",
  "gold24K": 12515.682499999999,
  "gold22K": 11514.43,
  "gold18K": 9386.76,
  "silver": 154.39085,
  "silverJewelry": 142.04
}