{
  "asOn": "2025-11-03T15:00:09.756Z",
  "gold24K": 12238.880000000001,
  "gold22K": 11259.77,
  "gold18K": 9179.16,
  "silver": 149.79342499999998,
  "silverJewelry": 137.81
}