{
  "asOn": "2025-12-04T12:50:09.168Z",
  "gold24K": 12763.827000000001,
  "gold22K": 11742.72,
  "gold18K": 9572.87,
  "silver": 170.23999999999998,
  "silverJewelry": 156.62
}