{
  "asOn": "2025-12-09T16:35:13.050Z",
  "gold24K": 12837.603500000001,
  "gold22K": 11810.6,
  "gold18K": 9628.2,
  "silver": 178.74535,
  "silverJewelry": 164.45
}