{
  "asOn": "2025-11-07T06:45:08.417Z",
  "gold24K": 12123.189999999999,
  "gold22K": 11153.33,
  "gold18K": 9092.39,
  "silver": 149.10365,
  "silverJewelry": 137.18
}