{
  "asOn": "2025-11-07T06:25:04.643Z",
  "gold24K": 12115.877499999999,
  "gold22K": 11146.61,
  "gold18K": 9086.91,
  "silver": 149.10267499999998,
  "silverJewelry": 137.17
}