{
  "asOn": "2025-11-14T06:20:10.770Z",
  "gold24K": 12626.539999999999,
  "gold22K": 11616.42,
  "gold18K": 9469.9,
  "silver": 160.96955,
  "silverJewelry": 148.09
}