{
  "asOn": "2025-11-13T17:50:06.123Z",
  "gold24K": 12692.352499999999,
  "gold22K": 11676.96,
  "gold18K": 9519.26,
  "silver": 162.35405,
  "silverJewelry": 149.37
}