{
  "asOn": "2025-11-06T06:40:04.931Z",
  "gold24K": 12104.692500000001,
  "gold22K": 11136.32,
  "gold18K": 9078.52,
  "silver": 147.613325,
  "silverJewelry": 135.8
}