{
  "asOn": "2025-11-11T14:05:13.574Z",
  "gold24K": 12496.182499999999,
  "gold22K": 11496.49,
  "gold18K": 9372.14,
  "silver": 154.54023,
  "silverJewelry": 142.18
}