{
  "asOn": "2025-11-05T12:15:08.062Z",
  "gold24K": 12052.335000000001,
  "gold22K": 11088.15,
  "gold18K": 9039.25,
  "silver": 145.81542499999998,
  "silverJewelry": 134.15
}