{
  "asOn": "2025-11-05T05:05:05.699Z",
  "gold24K": 12099.147500000001,
  "gold22K": 11131.22,
  "gold18K": 9074.36,
  "silver": 146.51157500000002,
  "silverJewelry": 134.79
}