{
  "asOn": "2025-11-10T07:30:11.435Z",
  "gold24K": 12310.932499999999,
  "gold22K": 11326.06,
  "gold18K": 9233.2,
  "silver": 151.05501999999998,
  "silverJewelry": 138.97
}