{
  "asOn": "2025-11-10T09:25:08.979Z",
  "gold24K": 12316.880000000001,
  "gold22K": 11331.53,
  "gold18K": 9237.66,
  "silver": 151.10449,
  "silverJewelry": 139.02
}