{
  "asOn": "2025-11-12T10:30:06.332Z",
  "gold24K": 12463.227499999999,
  "gold22K": 11466.17,
  "gold18K": 9347.42,
  "silver": 157.142675,
  "silverJewelry": 144.57
}