{
  "asOn": "2025-11-06T13:25:05.263Z",
  "gold24K": 12169.307499999999,
  "gold22K": 11195.76,
  "gold18K": 9126.98,
  "silver": 149.06855,
  "silverJewelry": 137.14
}