{
  "asOn": "2025-12-11T08:25:07.171Z",
  "gold24K": 12895.817000000001,
  "gold22K": 11864.15,
  "gold18K": 9671.86,
  "silver": 183.57705,
  "silverJewelry": 168.89
}