{
  "asOn": "2025-11-11T23:20:10.398Z",
  "gold24K": 12418.377499999999,
  "gold22K": 11424.91,
  "gold18K": 9313.78,
  "silver": 154.818275,
  "silverJewelry": 142.43
}