{
  "asOn": "2025-11-06T14:50:05.192Z",
  "gold24K": 12132.647500000001,
  "gold22K": 11162.04,
  "gold18K": 9099.49,
  "silver": 148.23395000000002,
  "silverJewelry": 136.38
}