{
  "asOn": "2025-11-05T08:05:06.748Z",
  "gold24K": 12112.602499999999,
  "gold22K": 11143.59,
  "gold18K": 9084.45,
  "silver": 146.85575,
  "silverJewelry": 135.11
}