{
  "asOn": "2025-11-04T18:20:05.555Z",
  "gold24K": 12040.744999999999,
  "gold22K": 11077.49,
  "gold18K": 9030.56,
  "silver": 145.62042499999998,
  "silverJewelry": 133.97
}