{
  "asOn": "2025-11-11T06:35:08.362Z",
  "gold24K": 12508.272500000001,
  "gold22K": 11507.61,
  "gold18K": 9381.2,
  "silver": 154.06202,
  "silverJewelry": 141.74
}