{
  "asOn": "2025-11-12T07:30:06.701Z",
  "gold24K": 12474.147500000001,
  "gold22K": 11476.22,
  "gold18K": 9355.61,
  "silver": 157.12317499999997,
  "silverJewelry": 144.55
}