{
  "asOn": "2025-11-04T10:45:08.328Z",
  "gold24K": 12161.060000000001,
  "gold22K": 11188.18,
  "gold18K": 9120.8,
  "silver": 146.51839999999999,
  "silverJewelry": 134.8
}