{
  "asOn": "2025-11-07T03:35:05.211Z",
  "gold24K": 12092.477499999999,
  "gold22K": 11125.08,
  "gold18K": 9069.36,
  "silver": 148.37435,
  "silverJewelry": 136.5
}