{
  "asOn": "2025-11-14T04:25:19.026Z",
  "gold24K": 12670.414999999999,
  "gold22K": 11656.78,
  "gold18K": 9502.81,
  "silver": 161.76125,
  "silverJewelry": 148.82
}