{
  "asOn": "2025-11-10T06:55:05.964Z",
  "gold24K": 12303.619999999999,
  "gold22K": 11319.33,
  "gold18K": 9227.72,
  "silver": 150.72037,
  "silverJewelry": 138.66
}