{
  "asOn": "2025-11-12T10:45:05.763Z",
  "gold24K": 12479.119999999999,
  "gold22K": 11480.79,
  "gold18K": 9359.34,
  "silver": 157.35425,
  "silverJewelry": 144.77
}