{
  "asOn": "2025-11-04T15:45:05.058Z",
  "gold24K": 12077.307499999999,
  "gold22K": 11111.12,
  "gold18K": 9057.98,
  "silver": 145.58045,
  "silverJewelry": 133.93
}