{
  "asOn": "2025-12-12T06:15:10.995Z",
  "gold24K": 13073.215499999998,
  "gold22K": 12027.36,
  "gold18K": 9804.91,
  "silver": 188.40494999999999,
  "silverJewelry": 173.33
}