{
  "asOn": "2025-11-05T03:35:04.962Z",
  "gold24K": 12091.932499999999,
  "gold22K": 11124.58,
  "gold18K": 9068.95,
  "silver": 146.43845000000002,
  "silverJewelry": 134.72
}