{
  "asOn": "2025-11-11T06:25:09.516Z",
  "gold24K": 12525.432499999999,
  "gold22K": 11523.4,
  "gold18K": 9394.07,
  "silver": 154.36466000000001,
  "silverJewelry": 142.02
}