{
  "asOn": "2025-11-07T09:40:04.862Z",
  "gold24K": 12143.372500000001,
  "gold22K": 11171.9,
  "gold18K": 9107.53,
  "silver": 149.49365,
  "silverJewelry": 137.53
}