{
  "asOn": "2025-11-05T18:05:05.361Z",
  "gold24K": 12092.602499999999,
  "gold22K": 11125.19,
  "gold18K": 9069.45,
  "silver": 147.33935,
  "silverJewelry": 135.55
}