{
  "asOn": "2025-11-06T12:20:08.117Z",
  "gold24K": 12174.377499999999,
  "gold22K": 11200.43,
  "gold18K": 9130.78,
  "silver": 149.19920000000002,
  "silverJewelry": 137.26
}