{
  "asOn": "2025-11-05T14:40:09.260Z",
  "gold24K": 12101.085000000001,
  "gold22K": 11133,
  "gold18K": 9075.81,
  "silver": 146.87135,
  "silverJewelry": 135.12
}