{
  "asOn": "2025-11-07T07:15:04.470Z",
  "gold24K": 12159.557499999999,
  "gold22K": 11186.79,
  "gold18K": 9119.67,
  "silver": 149.315225,
  "silverJewelry": 137.37
}