{
  "asOn": "2025-11-11T11:45:06.522Z",
  "gold24K": 12519.192500000001,
  "gold22K": 11517.66,
  "gold18K": 9389.39,
  "silver": 154.76623999999998,
  "silverJewelry": 142.38
}