{
  "asOn": "2025-11-12T12:55:16.074Z",
  "gold24K": 12489.942500000001,
  "gold22K": 11490.75,
  "gold18K": 9367.46,
  "silver": 157.25675,
  "silverJewelry": 144.68
}