{
  "asOn": "2025-11-06T08:15:06.806Z",
  "gold24K": 12165.310000000001,
  "gold22K": 11192.09,
  "gold18K": 9123.98,
  "silver": 149.01882500000002,
  "silverJewelry": 137.1
}