{
  "asOn": "2025-11-11T13:45:08.860Z",
  "gold24K": 12503.494999999999,
  "gold22K": 11503.22,
  "gold18K": 9377.62,
  "silver": 154.60425,
  "silverJewelry": 142.24
}