{
  "asOn": "2025-12-12T17:20:09.374Z",
  "gold24K": 13098.923999999999,
  "gold22K": 12051.01,
  "gold18K": 9824.19,
  "silver": 181.64665,
  "silverJewelry": 167.11
}