{
  "asOn": "2025-11-09T12:35:12.401Z",
  "gold24K": 12124.122500000001,
  "gold22K": 11154.19,
  "gold18K": 9093.09,
  "silver": 147.71725,
  "silverJewelry": 135.9
}