{
  "asOn": "2025-12-11T05:35:08.029Z",
  "gold24K": 12860.947999999999,
  "gold22K": 11832.07,
  "gold18K": 9645.71,
  "silver": 182.57005,
  "silverJewelry": 167.96
}