{
  "asOn": "2025-11-03T13:50:08.596Z",
  "gold24K": 12213.432499999999,
  "gold22K": 11236.36,
  "gold18K": 9160.07,
  "silver": 148.93835,
  "silverJewelry": 137.02
}