{
  "asOn": "2025-11-07T09:50:07.789Z",
  "gold24K": 12148.442500000001,
  "gold22K": 11176.57,
  "gold18K": 9111.33,
  "silver": 149.56189999999998,
  "silverJewelry": 137.6
}