{
  "asOn": "2025-12-11T15:25:06.808Z",
  "gold24K": 12935.413999999999,
  "gold22K": 11900.58,
  "gold18K": 9701.56,
  "silver": 185.53975,
  "silverJewelry": 170.7
}