{
  "asOn": "2025-11-11T03:35:06.047Z",
  "gold24K": 12567.747500000001,
  "gold22K": 11562.33,
  "gold18K": 9425.81,
  "silver": 154.30549,
  "silverJewelry": 141.96
}