{
  "asOn": "2025-11-11T04:25:08.761Z",
  "gold24K": 12542.494999999999,
  "gold22K": 11539.1,
  "gold18K": 9406.87,
  "silver": 154.49851999999998,
  "silverJewelry": 142.14
}