{
  "asOn": "2025-11-05T08:40:05.948Z",
  "gold24K": 12128.689999999999,
  "gold22K": 11158.39,
  "gold18K": 9096.52,
  "silver": 146.94935,
  "silverJewelry": 135.19
}