{
  "asOn": "2025-11-04T13:45:05.453Z",
  "gold24K": 12129.664999999999,
  "gold22K": 11159.29,
  "gold18K": 9097.25,
  "silver": 145.86515,
  "silverJewelry": 134.2
}