{
  "asOn": "2025-11-07T14:10:06.347Z",
  "gold24K": 12110.807499999999,
  "gold22K": 11141.94,
  "gold18K": 9083.11,
  "silver": 148.90865,
  "silverJewelry": 137
}