{
  "asOn": "2025-12-11T09:15:09.473Z",
  "gold24K": 12871.192000000001,
  "gold22K": 11841.5,
  "gold18K": 9653.39,
  "silver": 183.49725,
  "silverJewelry": 168.82
}