{
  "asOn": "2025-11-06T18:05:07.396Z",
  "gold24K": 12087.310000000001,
  "gold22K": 11120.33,
  "gold18K": 9065.48,
  "silver": 147.388625,
  "silverJewelry": 135.6
}