{
  "asOn": "2025-11-13T14:45:07.362Z",
  "gold24K": 12636.289999999999,
  "gold22K": 11625.39,
  "gold18K": 9477.22,
  "silver": 160.986125,
  "silverJewelry": 148.11
}