{
  "asOn": "2025-11-13T18:05:08.302Z",
  "gold24K": 12691.085000000001,
  "gold22K": 11675.8,
  "gold18K": 9518.31,
  "silver": 162.368675,
  "silverJewelry": 149.38
}