{
  "asOn": "2025-11-05T08:20:04.976Z",
  "gold24K": 12124.692500000001,
  "gold22K": 11154.72,
  "gold18K": 9093.52,
  "silver": 146.77092499999998,
  "silverJewelry": 135.03
}