{
  "asOn": "2025-11-11T09:20:08.928Z",
  "gold24K": 12518.119999999999,
  "gold22K": 11516.67,
  "gold18K": 9388.59,
  "silver": 154.16775,
  "silverJewelry": 141.83
}