{
  "asOn": "2025-11-07T11:55:04.329Z",
  "gold24K": 12128.064999999999,
  "gold22K": 11157.82,
  "gold18K": 9096.05,
  "silver": 149.254775,
  "silverJewelry": 137.31
}