{
  "asOn": "2025-11-10T08:15:08.393Z",
  "gold24K": 12319.414999999999,
  "gold22K": 11333.86,
  "gold18K": 9239.56,
  "silver": 151.56717999999998,
  "silverJewelry": 139.44
}