{
  "asOn": "2025-12-05T13:20:11.427Z",
  "gold24K": 12871.684500000001,
  "gold22K": 11841.95,
  "gold18K": 9653.76,
  "silver": 172.35375000000002,
  "silverJewelry": 158.57
}