{
  "asOn": "2025-11-04T07:25:05.909Z",
  "gold24K": 12143.314999999999,
  "gold22K": 11171.85,
  "gold18K": 9107.49,
  "silver": 146.045525,
  "silverJewelry": 134.36
}