{
  "asOn": "2025-11-07T15:05:06.301Z",
  "gold24K": 12097.352499999999,
  "gold22K": 11129.56,
  "gold18K": 9073.01,
  "silver": 148.31779999999998,
  "silverJewelry": 136.45
}