{
  "asOn": "2025-12-03T10:15:15.270Z",
  "gold24K": 12831.003999999999,
  "gold22K": 11804.52,
  "gold18K": 9623.25,
  "silver": 173.04250000000002,
  "silverJewelry": 159.2
}