{
  "asOn": "2025-11-07T20:10:04.805Z",
  "gold24K": 12131.380000000001,
  "gold22K": 11160.87,
  "gold18K": 9098.53,
  "silver": 148.12475,
  "silverJewelry": 136.27
}