{
  "asOn": "2025-11-10T03:05:09.399Z",
  "gold24K": 12245.997500000001,
  "gold22K": 11266.32,
  "gold18K": 9184.5,
  "silver": 147.71725,
  "silverJewelry": 135.9
}