{
  "asOn": "2025-11-04T05:50:07.382Z",
  "gold24K": 12101.502499999999,
  "gold22K": 11133.38,
  "gold18K": 9076.13,
  "silver": 146.464775,
  "silverJewelry": 134.75
}