{
  "asOn": "2025-11-12T07:00:10.594Z",
  "gold24K": 12460.789999999999,
  "gold22K": 11463.93,
  "gold18K": 9345.59,
  "silver": 156.78095000000002,
  "silverJewelry": 144.24
}