{
  "asOn": "2025-11-11T16:40:12.906Z",
  "gold24K": 12421.692500000001,
  "gold22K": 11427.96,
  "gold18K": 9316.27,
  "silver": 154.32979999999998,
  "silverJewelry": 141.98
}