{
  "asOn": "2025-12-11T10:55:06.967Z",
  "gold24K": 12889.907000000001,
  "gold22K": 11858.71,
  "gold18K": 9667.43,
  "silver": 184.04825000000002,
  "silverJewelry": 169.32
}