{
  "asOn": "2025-11-05T07:50:07.609Z",
  "gold24K": 12097.977499999999,
  "gold22K": 11130.14,
  "gold18K": 9073.48,
  "silver": 146.716325,
  "silverJewelry": 134.98
}