{
  "asOn": "2025-11-13T11:10:06.888Z",
  "gold24K": 12778.835000000001,
  "gold22K": 11756.53,
  "gold18K": 9584.13,
  "silver": 163.932575,
  "silverJewelry": 150.82
}