{
  "asOn": "2025-11-05T14:10:10.088Z",
  "gold24K": 12087.630000000001,
  "gold22K": 11120.62,
  "gold18K": 9065.72,
  "silver": 146.901575,
  "silverJewelry": 135.15
}