{
  "asOn": "2025-11-05T16:55:05.022Z",
  "gold24K": 12099.622500000001,
  "gold22K": 11131.65,
  "gold18K": 9074.72,
  "silver": 147.172625,
  "silverJewelry": 135.4
}