{
  "asOn": "2025-11-10T17:55:11.282Z",
  "gold24K": 12431.442500000001,
  "gold22K": 11436.93,
  "gold18K": 9323.58,
  "silver": 152.79714,
  "silverJewelry": 140.57
}