{
  "asOn": "2025-11-11T14:40:08.080Z",
  "gold24K": 12477.560000000001,
  "gold22K": 11479.36,
  "gold18K": 9358.17,
  "silver": 154.958675,
  "silverJewelry": 142.56
}