{
  "asOn": "2025-12-12T08:10:12.536Z",
  "gold24K": 13120.495499999999,
  "gold22K": 12070.86,
  "gold18K": 9840.37,
  "silver": 188.56645,
  "silverJewelry": 173.48
}