{
  "asOn": "2025-12-04T11:30:10.055Z",
  "gold24K": 12784.708999999999,
  "gold22K": 11761.93,
  "gold18K": 9588.53,
  "silver": 170.68935,
  "silverJewelry": 157.03
}