{
  "asOn": "2025-11-03T13:20:08.183Z",
  "gold24K": 12223.377499999999,
  "gold22K": 11245.51,
  "gold18K": 9167.53,
  "silver": 149.38782500000002,
  "silverJewelry": 137.44
}