{
  "asOn": "2025-11-13T17:20:08.963Z",
  "gold24K": 12669.439999999999,
  "gold22K": 11655.88,
  "gold18K": 9502.08,
  "silver": 161.621825,
  "silverJewelry": 148.69
}