{
  "asOn": "2025-11-03T13:55:06.977Z",
  "gold24K": 12215.869999999999,
  "gold22K": 11238.6,
  "gold18K": 9161.9,
  "silver": 149.054375,
  "silverJewelry": 137.13
}