{
  "asOn": "2025-11-13T12:45:10.806Z",
  "gold24K": 12780.102499999999,
  "gold22K": 11757.69,
  "gold18K": 9585.08,
  "silver": 164.14317499999999,
  "silverJewelry": 151.01
}