{
  "asOn": "2025-11-11T07:35:06.664Z",
  "gold24K": 12497.060000000001,
  "gold22K": 11497.3,
  "gold18K": 9372.8,
  "silver": 153.70603,
  "silverJewelry": 141.41
}