{
  "asOn": "2025-11-07T06:40:05.122Z",
  "gold24K": 12123.189999999999,
  "gold22K": 11153.33,
  "gold18K": 9092.39,
  "silver": 149.09195000000003,
  "silverJewelry": 137.16
}