{
  "asOn": "2025-12-03T14:05:18.597Z",
  "gold24K": 12929.701000000001,
  "gold22K": 11895.32,
  "gold18K": 9697.28,
  "silver": 174.70595,
  "silverJewelry": 160.73
}