{
  "asOn": "2025-11-10T12:35:08.047Z",
  "gold24K": 12397.414999999999,
  "gold22K": 11405.62,
  "gold18K": 9298.06,
  "silver": 152.01144,
  "silverJewelry": 139.85
}