{
  "asOn": "2025-11-04T17:40:10.601Z",
  "gold24K": 12067.752499999999,
  "gold22K": 11102.33,
  "gold18K": 9050.81,
  "silver": 145.72182500000002,
  "silverJewelry": 134.06
}