{
  "asOn": "2025-12-04T17:15:06.705Z",
  "gold24K": 12806.280499999999,
  "gold22K": 11781.78,
  "gold18K": 9604.71,
  "silver": 169.45434999999998,
  "silverJewelry": 155.9
}