{
  "asOn": "2025-11-07T05:40:10.706Z",
  "gold24K": 12111.002499999999,
  "gold22K": 11142.12,
  "gold18K": 9083.25,
  "silver": 148.77605,
  "silverJewelry": 136.87
}