{
  "asOn": "2025-11-04T06:05:05.432Z",
  "gold24K": 12089.314999999999,
  "gold22K": 11122.17,
  "gold18K": 9066.99,
  "silver": 146.17325,
  "silverJewelry": 134.48
}