{
  "asOn": "2025-12-03T16:40:14.627Z",
  "gold24K": 12898.476499999999,
  "gold22K": 11866.6,
  "gold18K": 9673.86,
  "silver": 174.72969999999998,
  "silverJewelry": 160.75
}