{
  "asOn": "2025-11-06T14:35:08.460Z",
  "gold24K": 12132.744999999999,
  "gold22K": 11162.13,
  "gold18K": 9099.56,
  "silver": 148.23882500000002,
  "silverJewelry": 136.38
}