{
  "asOn": "2025-11-10T05:55:07.476Z",
  "gold24K": 12306.252499999999,
  "gold22K": 11321.75,
  "gold18K": 9229.69,
  "silver": 150.56517000000002,
  "silverJewelry": 138.52
}