{
  "asOn": "2025-12-03T09:25:15.643Z",
  "gold24K": 12890.988000000001,
  "gold22K": 11859.71,
  "gold18K": 9668.24,
  "silver": 176.66901000000001,
  "silverJewelry": 162.54
}