{
  "asOn": "2025-11-07T21:30:09.485Z",
  "gold24K": 12122.994999999999,
  "gold22K": 11153.16,
  "gold18K": 9092.25,
  "silver": 148.12475,
  "silverJewelry": 136.27
}