{
  "asOn": "2025-11-10T13:10:09.743Z",
  "gold24K": 12433.685000000001,
  "gold22K": 11438.99,
  "gold18K": 9325.26,
  "silver": 152.11329,
  "silverJewelry": 139.94
}