{
  "asOn": "2025-11-04T13:10:05.475Z",
  "gold24K": 12149.164999999999,
  "gold22K": 11177.23,
  "gold18K": 9111.87,
  "silver": 146.40335000000002,
  "silverJewelry": 134.69
}