{
  "asOn": "2025-11-11T09:25:06.861Z",
  "gold24K": 12511.880000000001,
  "gold22K": 11510.93,
  "gold18K": 9383.91,
  "silver": 154.10373,
  "silverJewelry": 141.78
}