{
  "asOn": "2025-11-07T20:50:10.674Z",
  "gold24K": 12116.755000000001,
  "gold22K": 11147.41,
  "gold18K": 9087.57,
  "silver": 148.12475,
  "silverJewelry": 136.27
}