{
  "asOn": "2025-11-11T04:00:09.696Z",
  "gold24K": 12563.067500000001,
  "gold22K": 11558.02,
  "gold18K": 9422.3,
  "silver": 154.84287,
  "silverJewelry": 142.46
}