{
  "asOn": "2025-11-13T15:10:13.091Z",
  "gold24K": 12675.289999999999,
  "gold22K": 11661.27,
  "gold18K": 9506.47,
  "silver": 162.117125,
  "silverJewelry": 149.15
}