{
  "asOn": "2025-11-11T07:00:08.146Z",
  "gold24K": 12510.807499999999,
  "gold22K": 11509.94,
  "gold18K": 9383.11,
  "silver": 153.88548,
  "silverJewelry": 141.57
}