{
  "asOn": "2025-12-11T14:15:08.510Z",
  "gold24K": 12896.802000000001,
  "gold22K": 11865.06,
  "gold18K": 9672.6,
  "silver": 185.10275,
  "silverJewelry": 170.29
}