{
  "asOn": "2025-11-11T16:10:13.133Z",
  "gold24K": 12427.835000000001,
  "gold22K": 11433.61,
  "gold18K": 9320.88,
  "silver": 153.98270000000002,
  "silverJewelry": 141.66
}