{
  "asOn": "2025-11-14T06:40:07.756Z",
  "gold24K": 12620.397500000001,
  "gold22K": 11610.77,
  "gold18K": 9465.3,
  "silver": 160.94907500000002,
  "silverJewelry": 148.07
}