{
  "asOn": "2025-12-05T08:30:09.959Z",
  "gold24K": 12874.541000000001,
  "gold22K": 11844.58,
  "gold18K": 9655.91,
  "silver": 173.20780000000002,
  "silverJewelry": 159.35
}